<?xml version="1.0" encoding="UTF-8" ?>
<!DOCTYPE mapper
        PUBLIC "-//mybatis.org//DTD Mapper 3.0//EN"
        "http://mybatis.org/dtd/mybatis-3-mapper.dtd">
<mapper namespace="com.baidu.supermarket.mapper.OrderDetailMapper">

    <resultMap id="detailMap" type="OrderDetail">
        <id property="opid" column="opid"/>

        <association property="product" javaType="Product">
            <result property="prodName" column="pname"/>
            <result property="prodPrice" column="price"/>
            <result property="pfile" column="pfile"/>
        </association>

        <association property="tOrder" javaType="TOrder">
            <result property="status" column="status"/>
        </association>
    </resultMap>

    <!--根据订单主键查询订单详情-->
    <select id="getOrderDetailByOid" parameterType="int" resultMap="detailMap">
        SELECT od.opid,p.pname,p.price,p.pfile,o.status
        FROM t_order_detail od,t_product p,t_order o
        WHERE od.pid=p.pid AND od.oid=o.oid AND o.oid=#{oid}
    </select>

    <!--量删除订单详情-->
    <delete id="batchDelDetailOrder">
        delete from t_order_detail where oid IN
        <foreach collection="array" item="oids" open="(" close=")" separator=",">
            #{oids}
        </foreach>
    </delete>
</mapper>